image_name,category_name
gg-156-_jpg.rf.aa5ebc061457d1dec7f9e05b0d9f9363.jpg,glioma_tumor
gg-131-_jpg.rf.b8c5b91adb5ecfc7521ab1510651a862.jpg,glioma_tumor
gg-166-_jpg.rf.b2dce50a6dd621bee7503411e42983aa.jpg,glioma_tumor
gg-201-_jpg.rf.ab3b97375bd90cfb1b8b442b192f6095.jpg,glioma_tumor
gg-126-_jpg.rf.b59f2fab7e94d17c868b941059100f10.jpg,glioma_tumor
gg-191-_jpg.rf.bb94be22f13fb994edfd4354e065948b.jpg,glioma_tumor
gg-105-_jpg.rf.b0b5af1a4a87c78c90a3082f0e4bb2c6.jpg,glioma_tumor
gg-162-_jpg.rf.bd2f7aff09b0e87e6b65a3999ad77c27.jpg,glioma_tumor
gg-155-_jpg.rf.ce476d6f25208a57586c6c66c0e54560.jpg,glioma_tumor
gg-135-_jpg.rf.b5177ec5ecf0053d1d60ffecdab4d8d9.jpg,glioma_tumor
gg-168-_jpg.rf.ca9d076d298871255b1cedb7007e4a4d.jpg,glioma_tumor
gg-106-_jpg.rf.c3057fdbd981bf92ecb95dc85ec21421.jpg,glioma_tumor
gg-138-_jpg.rf.c57c81c36b54177c862bc75608363741.jpg,glioma_tumor
gg-178-_jpg.rf.c8e5ed804e6fb30095becbc7d4b0109d.jpg,glioma_tumor
gg-104-_jpg.rf.c8acc53ff435a021f93a16f9da5a9baa.jpg,glioma_tumor
gg-192-_jpg.rf.cf2cf70c3859190e8fdab82bd4a346c9.jpg,glioma_tumor
gg-172-_jpg.rf.c379e8389cae60c0f3a5cdbb160e5ee3.jpg,glioma_tumor
gg-124-_jpg.rf.c49c8d7c36d51dc570a35622c4c37949.jpg,glioma_tumor
gg-133-_jpg.rf.c58a1a87e374212487173fc1ede4eeeb.jpg,glioma_tumor
gg-131-_jpg.rf.d226fa08a068dc77e079c1584dc4ab6b.jpg,glioma_tumor
gg-117-_jpg.rf.cb384b144d390d4032e53f84a77b7294.jpg,glioma_tumor
gg-203-_jpg.rf.d4e565301fa3dc65bcf38303f6b92447.jpg,glioma_tumor
gg-167-_jpg.rf.d84a2f4ba5db4ebda2445ce1272305da.jpg,glioma_tumor
gg-113-_jpg.rf.e009639cb314992540cb52675a284781.jpg,glioma_tumor
gg-139-_jpg.rf.de47f4a3d1a860bcbb5cdd0c7170fec8.jpg,glioma_tumor
gg-137-_jpg.rf.e2be2e91516726b205cd3bce03cb93e3.jpg,glioma_tumor
gg-108-_jpg.rf.e2710fb178de32c6fbd3a099f6feeb76.jpg,glioma_tumor
gg-136-_jpg.rf.dea0bea40794da185c30a42cb0298a4b.jpg,glioma_tumor
gg-128-_jpg.rf.e4589e750535a9373e2c9af9b568ac7c.jpg,glioma_tumor
gg-144-_jpg.rf.e29d6f8f182b2b8bdc6a2745da13d5dd.jpg,glioma_tumor
gg-104-_jpg.rf.dc8850eef7f2b176043ddbb72c300cf4.jpg,glioma_tumor
gg-165-_jpg.rf.e03a0a114dab32705c8ea7fa0fc27a68.jpg,glioma_tumor
gg-173-_jpg.rf.e1271a4a572ba64c6e70c4972ac9cbf2.jpg,glioma_tumor
gg-170-_jpg.rf.dbd147829562cf75ce4b556f199c2885.jpg,glioma_tumor
gg-160-_jpg.rf.e58f8c7d9f2e5c57fbce5715cf0eff3d.jpg,glioma_tumor
gg-143-_jpg.rf.e60d37999fe4df6b71f4d4e6cb7613dd.jpg,glioma_tumor
gg-118-_jpg.rf.e7eb74e7f218d726d50213e3c7294cb0.jpg,glioma_tumor
gg-135-_jpg.rf.e68292fdb7a5770b20982af7012d8d9a.jpg,glioma_tumor
gg-181-_jpg.rf.e2c86f72fa3d5e72eb2700604aebcb6c.jpg,glioma_tumor
gg-142-_jpg.rf.f0fb45e652f8ffb58738f11d14a975f1.jpg,glioma_tumor
gg-147-_jpg.rf.e8f21a5b371cef9bf437196ecc4ab3e1.jpg,glioma_tumor
gg-178-_jpg.rf.e91185d4ce07ae79becaf4355c4cc856.jpg,glioma_tumor
gg-139-_jpg.rf.e95220b1db35257b8b3a064e03947608.jpg,glioma_tumor
gg-175-_jpg.rf.ea7d071f2d31f92180b03582e2729fe6.jpg,glioma_tumor
gg-130-_jpg.rf.e9ef010cd4fb415af6ec7fffebb37c9a.jpg,glioma_tumor
gg-144-_jpg.rf.f0e68a3310778984976bc7127c113087.jpg,glioma_tumor
gg-114-_jpg.rf.eb2899b0f910727825c198970d94c9e3.jpg,glioma_tumor
gg-122-_jpg.rf.ee61c148910cb99836d7b77d60393c90.jpg,glioma_tumor
gg-118-_jpg.rf.f36cdf60203ae892fa5c6fda205e3def.jpg,glioma_tumor
gg-112-_jpg.rf.efd07fcc56083636085de18c3e8fd61b.jpg,glioma_tumor
gg-162-_jpg.rf.f332afa8ddca0fc922b7d6e6e243a747.jpg,glioma_tumor
gg-110-_jpg.rf.e81a8abfb08ee729d574ea121e1e3107.jpg,glioma_tumor
gg-1-_jpg.rf.f61c85677574e9501aef0f87dca17b0c.jpg,glioma_tumor
gg-129-_jpg.rf.fa1ccd2e7c57f4f7712afe9b810f7a49.jpg,glioma_tumor
gg-18-_jpg.rf.f671ffa8c15e4563b98ac55ebb377539.jpg,glioma_tumor
gg-192-_jpg.rf.f9470693a7205cc3c6ac532de4afa38b.jpg,glioma_tumor
gg-109-_jpg.rf.f7a263dbc5214e40f1b24af8508f894c.jpg,glioma_tumor
gg-148-_jpg.rf.fd7ea0a92721121e9fab5230d82238a6.jpg,glioma_tumor
gg-108-_jpg.rf.fde3f16996da5e25aa736ca99b3ff014.jpg,glioma_tumor
gg-130-_jpg.rf.f5a5073ada0a6a9c8174fbfe34aeb1cc.jpg,glioma_tumor
gg-113-_jpg.rf.05ddfc6e2461043bdfd698bedf1875da.jpg,glioma_tumor
gg-111-_jpg.rf.0727e0256f9c1bd3a7ae45dc4e7e528d.jpg,glioma_tumor
gg-183-_jpg.rf.05f9dc8862714fe36c7ab265c6c57c01.jpg,glioma_tumor
gg-165-_jpg.rf.09ec03d22de27e81e03c232e40b53bc2.jpg,glioma_tumor
gg-154-_jpg.rf.06efc76c3de44eedd07fca02a2a7e2a7.jpg,glioma_tumor
gg-148-_jpg.rf.083da50aa541ba0a5774bc5275f7f868.jpg,glioma_tumor
gg-12-_jpg.rf.143dd53115fce5f86e2e9f006177dd4d.jpg,glioma_tumor
gg-116-_jpg.rf.0c87d30ff1f6b6dfeb971d74f9855e41.jpg,glioma_tumor
gg-185-_jpg.rf.07c9ba4b4e707cb43136e178e7df5d51.jpg,glioma_tumor
gg-107-_jpg.rf.10089244a93864f38edcc39017e19a37.jpg,glioma_tumor
gg-166-_jpg.rf.104004fb0f834948146a05357ee11837.jpg,glioma_tumor
gg-121-_jpg.rf.14cb430b8d98f73f867767f69c658131.jpg,glioma_tumor
gg-1-_jpg.rf.14ec1b789c991a8fa4a13cfe7754e655.jpg,glioma_tumor
gg-18-_jpg.rf.197bf4db3323eb6a616751d2bd3b0c46.jpg,glioma_tumor
gg-101-_jpg.rf.1f8ffa6dc832f39564a347d2e8af07ef.jpg,glioma_tumor
gg-161-_jpg.rf.1c5a316dfa709968f44314bb16b05235.jpg,glioma_tumor
gg-158-_jpg.rf.1b044cd8f632791f503752592f19ba34.jpg,glioma_tumor
gg-181-_jpg.rf.257ccaae9ecd537969ed9c6ee97592a3.jpg,glioma_tumor
gg-154-_jpg.rf.281471dd3b171ec6eb724cab18e15840.jpg,glioma_tumor
gg-128-_jpg.rf.2532abccfcc24902bb8dc0d1aad1ad71.jpg,glioma_tumor
gg-173-_jpg.rf.2358c0b186e2d5c5948019c6e92dd031.jpg,glioma_tumor
gg-201-_jpg.rf.293b3a5255a7e880f096e6bfc1df373d.jpg,glioma_tumor
gg-100-_jpg.rf.32db006a46f67e1677e19e5914b697f1.jpg,glioma_tumor
gg-172-_jpg.rf.2b2d3e0ffcaabd474fd4e47ee66bf424.jpg,glioma_tumor
gg-149-_jpg.rf.386aac8a02b72b64d4565be400cfbeea.jpg,glioma_tumor
gg-120-_jpg.rf.3d3f148996aef79d7baeaef2a1f9ee9b.jpg,glioma_tumor
gg-142-_jpg.rf.349f6178f2e367e7503dca4c45dee0b9.jpg,glioma_tumor
gg-17-_jpg.rf.3761efab3c62478adb7f76c35416de78.jpg,glioma_tumor
gg-137-_jpg.rf.3e09d45ac42ff2e0f6d2dec203586947.jpg,glioma_tumor
gg-14-_jpg.rf.41d50fb26d19f370f2ac4bc20dc98a58.jpg,glioma_tumor
gg-164-_jpg.rf.41064b9bc102be8a5aa3a290aad96a7a.jpg,glioma_tumor
gg-150-_jpg.rf.432fde602ce889e096b2a9f715bfd0d6.jpg,glioma_tumor
gg-149-_jpg.rf.4457ad2022c5b107cfb0e7a5165805cd.jpg,glioma_tumor
gg-141-_jpg.rf.45d756e6d9ef9f6cc849ca5aa2377d6f.jpg,glioma_tumor
gg-163-_jpg.rf.485ea636a888c0398a49eb365b79413d.jpg,glioma_tumor
gg-124-_jpg.rf.49a56142f8896f96beea92d11d6aefc2.jpg,glioma_tumor
gg-153-_jpg.rf.4e2e6812741828663f93ac44d395d13a.jpg,glioma_tumor
gg-157-_jpg.rf.490f66718a1aacafa8101dabffb3cd14.jpg,glioma_tumor
gg-12-_jpg.rf.5232431d2b5f0fc3bcdcfed9161c96e6.jpg,glioma_tumor
gg-120-_jpg.rf.4684da6a05ecbd2f43ed16ee78158c31.jpg,glioma_tumor
gg-183-_jpg.rf.4f833a27205ed164aebea56e93d22992.jpg,glioma_tumor
gg-121-_jpg.rf.541910082e784f4464daee0613948af8.jpg,glioma_tumor
gg-160-_jpg.rf.4ed62ba9ee7d646630c5de9b3d7e7b26.jpg,glioma_tumor
gg-193-_jpg.rf.54a6c98dfb936839ccdaf0d64467a3c2.jpg,glioma_tumor
gg-174-_jpg.rf.5918a1d29a5c3dfb1135ae3abf57f6b6.jpg,glioma_tumor
gg-202-_jpg.rf.60f6bb00572fcfaef2c8e0cd79a9f440.jpg,glioma_tumor
gg-150-_jpg.rf.59ae8936569057103941455a79477a93.jpg,glioma_tumor
gg-169-_jpg.rf.5eb4eabaf7a9e61d2759ecfed0f33e58.jpg,glioma_tumor
gg-138-_jpg.rf.625991f5f987d322e30e5767e96a8487.jpg,glioma_tumor
gg-117-_jpg.rf.60f884ab05df647cc96238d98da192a4.jpg,glioma_tumor
gg-147-_jpg.rf.626eaf4472fbea1a4cda895ede9ad308.jpg,glioma_tumor
gg-168-_jpg.rf.69e29a3f1b4fb9f0940abd195d7c305f.jpg,glioma_tumor
gg-123-_jpg.rf.66e21d6f39c65504fb96407c8e64726a.jpg,glioma_tumor
gg-180-_jpg.rf.52e17a51cd5bf29bd1243913591cc90e.jpg,glioma_tumor
gg-123-_jpg.rf.60e9b4aa9e280bd8690b3698c82ec3ad.jpg,glioma_tumor
gg-152-_jpg.rf.696afe3ad2ce97c9972bd3ad7e698477.jpg,glioma_tumor
gg-134-_jpg.rf.67e175f3c5c6b46c9b80ed934012d866.jpg,glioma_tumor
gg-158-_jpg.rf.604dddef4852ff817d6c3ab259bf0ee0.jpg,glioma_tumor
gg-11-_jpg.rf.6bcf39ebc7822538aa7c9d502f9bd5e3.jpg,glioma_tumor
gg-109-_jpg.rf.67b5f47ff69d06c1cf3a781c221d0db9.jpg,glioma_tumor
gg-175-_jpg.rf.6ca4a3f02c02fdc1d5763c1be42be6fd.jpg,glioma_tumor
gg-193-_jpg.rf.6ceb82dafd56e91a3aba6f4e4fba9e28.jpg,glioma_tumor
gg-202-_jpg.rf.72ee6ea1137aa16d42d85f7d3d2f338a.jpg,glioma_tumor
gg-143-_jpg.rf.7041d01bd67bc00808039cab755e7ed9.jpg,glioma_tumor
gg-163-_jpg.rf.7c05c2d44b77b45bb6fb9c94b6c5e853.jpg,glioma_tumor
gg-133-_jpg.rf.74adcb016aec01bb805ac484789d3dd1.jpg,glioma_tumor
gg-107-_jpg.rf.77096b9c7af799de4fc40037648d11b8.jpg,glioma_tumor
gg-164-_jpg.rf.78c3f672651778536878b104c4052aec.jpg,glioma_tumor
gg-176-_jpg.rf.85b08ed45b72532442b341ddf6a8e0cf.jpg,glioma_tumor
gg-103-_jpg.rf.872ef71f4fdea1113aea04ca42728579.jpg,glioma_tumor
gg-141-_jpg.rf.88feeebe8478f7d901f7dd4709879a2f.jpg,glioma_tumor
gg-170-_jpg.rf.7e5a211654427c314a2f4a6272cd7d74.jpg,glioma_tumor
gg-180-_jpg.rf.8daab3d3ea235c3a1fe751fba4c44c15.jpg,glioma_tumor
gg-140-_jpg.rf.844cb83b18ff32bac00d8a397e466a19.jpg,glioma_tumor
gg-153-_jpg.rf.8b5437ddb100d7ac9ec2cf3234ab4c56.jpg,glioma_tumor
gg-105-_jpg.rf.8d377b6ee70153285b69d4c37d32aff9.jpg,glioma_tumor
gg-10-_jpg.rf.85daa3e86d72a637640e673bc42e4b12.jpg,glioma_tumor
gg-129-_jpg.rf.8124d52d6e4d03ce54942f9e2f014293.jpg,glioma_tumor
gg-102-_jpg.rf.8da5d3d221bc19b993ff38fd9aa2dae2.jpg,glioma_tumor
gg-185-_jpg.rf.8a2ae0a8280c70d1bf63d36ea7230819.jpg,glioma_tumor
gg-14-_jpg.rf.93a37252b7e6d50585ac055c2bc13810.jpg,glioma_tumor
gg-100-_jpg.rf.99828fd8e8194c10b77c46b236abb71c.jpg,glioma_tumor
gg-110-_jpg.rf.98262608981fa4af85520753f9a578b8.jpg,glioma_tumor
gg-10-_jpg.rf.9c8e66e7ea44fd417280863152e27675.jpg,glioma_tumor
gg-156-_jpg.rf.9e02872cd1682d26f028194420519f77.jpg,glioma_tumor
gg-136-_jpg.rf.9b5ea25e7d2f3284ab124256f5e7cc2b.jpg,glioma_tumor
gg-13-_jpg.rf.9ae2486a66efdfaf0083dd5b95d93350.jpg,glioma_tumor
gg-114-_jpg.rf.9915b075e0b01dc72af2fb3ad1708e37.jpg,glioma_tumor
gg-140-_jpg.rf.a71531d0cf43105e22d0f6279bfc5c04.jpg,glioma_tumor
gg-116-_jpg.rf.a204182d800d79996d14193862296340.jpg,glioma_tumor
gg-134-_jpg.rf.9f00c67f78d40cf85ed25921a3490045.jpg,glioma_tumor
gg-11-_jpg.rf.a83331331c73429744cd5158f9a7df6e.jpg,glioma_tumor
gg-16-_jpg.rf.a8d262e0642afa332921190758a8a16d.jpg,glioma_tumor
gg-20-_jpg.rf.aa4d2f861329435d256842db6c5e92cf.jpg,glioma_tumor
m-108-_jpg.rf.b3b090b1c078ed0c65523ff387820eb5.jpg,meningioma_tumor
m-15-_jpg.rf.bca0185a082322f53233e035119bde89.jpg,meningioma_tumor
m-106-_jpg.rf.b521b8335833240d7fc95348229ab1a9.jpg,meningioma_tumor
m-143-_jpg.rf.b1dc384adf10027e84ae5cdc358091b2.jpg,meningioma_tumor
m-100-_jpg.rf.b20f3465598c0f1d0fd7c7be7642e1ba.jpg,meningioma_tumor
m-128-_jpg.rf.b63d2f4ab64887644b7873e2e61f2bec.jpg,meningioma_tumor
m-117-_jpg.rf.b7bd9dde7447c79d4515c97a6707862b.jpg,meningioma_tumor
m-124-_jpg.rf.b57f2d775c0064abcf5c2618795227c0.jpg,meningioma_tumor
m-112-_jpg.rf.bfc31f4fc747b57fccac6b5e10930702.jpg,meningioma_tumor
m-140-_jpg.rf.c2a69e8dc7f5d6fc445809f37141899f.jpg,meningioma_tumor
m-139-_jpg.rf.c8bb4dde19d7969a533cff1b48dd22a6.jpg,meningioma_tumor
m-148-_jpg.rf.c6cbeec96165356d1917320a9dc0e234.jpg,meningioma_tumor
m-164-_jpg.rf.c7411903b359174d6d159553ac06f7a3.jpg,meningioma_tumor
m-12-_jpg.rf.cc1a77473b810fa14a200f20929ca641.jpg,meningioma_tumor
m-103-_jpg.rf.cefabd8421dbb2814637a6dd740cf9ce.jpg,meningioma_tumor
m-106-_jpg.rf.ceaaae266ed23176d2f8babb57457961.jpg,meningioma_tumor
m-141-_jpg.rf.c0fa4ff8da1c627115ff09c5ac9dcf7b.jpg,meningioma_tumor
m-163-_jpg.rf.d0db539f7481bf09cedf11b4b17b4819.jpg,meningioma_tumor
m-118-_jpg.rf.cacaaaa1401477c28af45575d4b3d4f8.jpg,meningioma_tumor
m-104-_jpg.rf.da562293179a2173e294f26195b53a1e.jpg,meningioma_tumor
m-171-_jpg.rf.d3b55511c5b21ccfe28c946f70cf51e9.jpg,meningioma_tumor
m-139-_jpg.rf.d64023546364f5b212f1640dfc51e471.jpg,meningioma_tumor
m-101-_jpg.rf.cf8fbea121fb90f6f008f4d39ce77c4a.jpg,meningioma_tumor
m-146-_jpg.rf.dad7ea9f07f192d4018b4bed40f965cb.jpg,meningioma_tumor
m-172-_jpg.rf.d75f1d7ac703f7f225016fd0e0abadff.jpg,meningioma_tumor
m-135-_jpg.rf.de77014ac1830006defe1e61397ce686.jpg,meningioma_tumor
m-120-_jpg.rf.d9ad615c2bc92d2df2aeec66a72a5a71.jpg,meningioma_tumor
m-11-_jpg.rf.e3dbd6ff1c23266b36f53f32afaa9c67.jpg,meningioma_tumor
m-129-_jpg.rf.e807ac32062fb901d1875df7ccbca54d.jpg,meningioma_tumor
m-123-_jpg.rf.e838b9e851ab833e197a3e4a3979ecdc.jpg,meningioma_tumor
m-163-_jpg.rf.f569d8f78359a5c7003610d297a4f7fa.jpg,meningioma_tumor
m-100-_jpg.rf.f542be0b5bf381d4fc0dee2539424020.jpg,meningioma_tumor
m-102-_jpg.rf.f3c15cba66bd1a9500e56adcc2dbb2d8.jpg,meningioma_tumor
m-127-_jpg.rf.ef1d0ecf0e35a9b5425acdde8c59f018.jpg,meningioma_tumor
m-129-_jpg.rf.f6dd4535af1be06458d7a5495c97377f.jpg,meningioma_tumor
m-142-_jpg.rf.f3d8d4d732d722a42721f68245fda507.jpg,meningioma_tumor
m-140-_jpg.rf.fb3b69f4a78a1081901f592da3265b00.jpg,meningioma_tumor
m-120-_jpg.rf.eb0ae1c39a725997c74d2e5c072a901c.jpg,meningioma_tumor
m-142-_jpg.rf.01c7693bcef1c271a91cde998bacbdb2.jpg,meningioma_tumor
m-145-_jpg.rf.0e96e7e55def076390daebc932b2dd9f.jpg,meningioma_tumor
m-145-_jpg.rf.0e4ee3c5931dcaf258230bf05c8c809c.jpg,meningioma_tumor
m-107-_jpg.rf.0dd5bb246d0c71d2404542ce5c1d8c6e.jpg,meningioma_tumor
m-16-_jpg.rf.09b29c65c10b8e1b74cb73d6789e4cde.jpg,meningioma_tumor
m-144-_jpg.rf.1754005a8f529924bf664d3778021c33.jpg,meningioma_tumor
m-143-_jpg.rf.1acdcc185ca07f967126422ac8d31a20.jpg,meningioma_tumor
m-15-_jpg.rf.200f97e416bf33dfed99275d03a33aad.jpg,meningioma_tumor
m-173-_jpg.rf.23dfc65d38ecd1558541c18e4a23d373.jpg,meningioma_tumor
m-111-_jpg.rf.1f546f1cfbae982fb1cc87a654d95d74.jpg,meningioma_tumor
m-134-_jpg.rf.333a334088dcee841271113d7b85a737.jpg,meningioma_tumor
m-126-_jpg.rf.3ac309dfe4bd735cddb3be00c96f7924.jpg,meningioma_tumor
m-107-_jpg.rf.3ed0a173d2b476a4efc70f10753a3996.jpg,meningioma_tumor
m-11-_jpg.rf.365e4242e30d807c6c4e5a5860948e7e.jpg,meningioma_tumor
m-111-_jpg.rf.3d6b34328299a0fee76f342c5b9ef03d.jpg,meningioma_tumor
m-16-_jpg.rf.270f0e860f12d70fc4c47f3c216087a2.jpg,meningioma_tumor
m-110-_jpg.rf.352e2a3833331416c833a7961df9ff92.jpg,meningioma_tumor
m-175-_jpg.rf.3e7269dc1ec7fd4cfaa7977f58c08bce.jpg,meningioma_tumor
m-118-_jpg.rf.4184b18b46d3daef5283c7ea3e861f36.jpg,meningioma_tumor
m-154-_jpg.rf.39c1414ac9841f0abe4cc4e012dc69f2.jpg,meningioma_tumor
m-124-_jpg.rf.418e90f94c903dcdf76102c3f7cb3210.jpg,meningioma_tumor
m-13-_jpg.rf.45f8bd2f443e12153e37a434ed7f651e.jpg,meningioma_tumor
m-108-_jpg.rf.4628e0aa46d9c8f772137dcfc5697d92.jpg,meningioma_tumor
m-137-_jpg.rf.46f984bd653eda10fbc2e02354226dde.jpg,meningioma_tumor
m-165-_jpg.rf.4961a14f6a56cf7d6d8189ac54a42646.jpg,meningioma_tumor
m-113-_jpg.rf.4b614f3c84ef9aac0f55d451e24f5a16.jpg,meningioma_tumor
m-10-_jpg.rf.4e4a807a3b18ae20320adbf512e6e5d6.jpg,meningioma_tumor
m-110-_jpg.rf.574bd8c2d737818ad0b2b9761df0414e.jpg,meningioma_tumor
m-175-_jpg.rf.56a1be339735aa2cb99e42559e276123.jpg,meningioma_tumor
m-136-_jpg.rf.65c48a005d33505a9cec514ea013d37d.jpg,meningioma_tumor
m-144-_jpg.rf.601bddb8594b4bcd77820bed11390061.jpg,meningioma_tumor
m-164-_jpg.rf.6514992b4fc9d8c8f97fba7ebda46688.jpg,meningioma_tumor
m-10-_jpg.rf.6b702d08ffb6645d7edd318a9595f80d.jpg,meningioma_tumor
m-103-_jpg.rf.7670a3a204377c886cb56fe86bce20ec.jpg,meningioma_tumor
m-155-_jpg.rf.6ce41bf6d1099899ec72a3f314e603b5.jpg,meningioma_tumor
m-12-_jpg.rf.720d24399afb6f84998c9d94e3ed4f57.jpg,meningioma_tumor
m-123-_jpg.rf.75f5656fc3d5bd3d3d5b366026587eb7.jpg,meningioma_tumor
m-125-_jpg.rf.7470d83d05886c65c8287ddd32d7fbc4.jpg,meningioma_tumor
m-109-_jpg.rf.7df36b552ddcd7c36353b640cd65486c.jpg,meningioma_tumor
m-171-_jpg.rf.7cd6cdafeda446cb40cfc3a716160c34.jpg,meningioma_tumor
m-147-_jpg.rf.7c4d1c610353d7190a1709bfc6b3152a.jpg,meningioma_tumor
m-165-_jpg.rf.7cd55e88d3a76bda27c00f59001b9bf5.jpg,meningioma_tumor
m-127-_jpg.rf.838efb71eca08584c71a636d87d06f05.jpg,meningioma_tumor
m-101-_jpg.rf.7f4399b417b37e85e73c81a142434cbf.jpg,meningioma_tumor
m-173-_jpg.rf.7c56a28dc2a4f4b37aa4295d37f4e0e6.jpg,meningioma_tumor
m-154-_jpg.rf.87fb2becb8d0c81bcb6dd091c3fc4216.jpg,meningioma_tumor
m-156-_jpg.rf.8852f8aa1fa270412d039a87cfe064f4.jpg,meningioma_tumor
m-117-_jpg.rf.81679f48e6a7b3e7c534bd64ec024ce6.jpg,meningioma_tumor
m-148-_jpg.rf.87fbd678b34c8a748b3c58090bf65959.jpg,meningioma_tumor
m-125-_jpg.rf.8f728f2d1ee48ad74430536c3337fa51.jpg,meningioma_tumor
m-109-_jpg.rf.8f395cd108b4e20afd16174ea431cbe2.jpg,meningioma_tumor
m-134-_jpg.rf.92ceb7e075f0fc5943750aaf064734bb.jpg,meningioma_tumor
m-135-_jpg.rf.958fbbff9c6089857b7b186ef846973f.jpg,meningioma_tumor
m-155-_jpg.rf.92f6b0fe14011ce18eb73c183ac5abac.jpg,meningioma_tumor
m-102-_jpg.rf.95c972f4ca827c59f1115ca038c8898b.jpg,meningioma_tumor
m-13-_jpg.rf.9e1fef58e4cb33a99061be5bc08cc33e.jpg,meningioma_tumor
m-147-_jpg.rf.9eb7009d1a13a7f13dfe6577a45b9c83.jpg,meningioma_tumor
m-146-_jpg.rf.a360eae33afc62ef7f8841ee58ccdbe1.jpg,meningioma_tumor
m-128-_jpg.rf.a5fcc552de6ef16c4b7960f2fc0f6517.jpg,meningioma_tumor
m-141-_jpg.rf.934977656560571a667caa55cefbdaf2.jpg,meningioma_tumor
m-116-_jpg.rf.aa1d238410ee71fe332db31e7b70ee2e.jpg,meningioma_tumor
m-112-_jpg.rf.a6462caf18c30c03ec61290ccfd83a20.jpg,meningioma_tumor
m-14-_jpg.rf.a1a0e8577c3eacc8bff26c2e723ebdae.jpg,meningioma_tumor
m-2-_jpg.rf.accb93f79ca6678162b6ee5ed007ce1d.jpg,pituitary_tumor
m-191-_jpg.rf.b3325201703952e216a5fbb093b9261a.jpg,pituitary_tumor
m-52-_jpg.rf.ab4ca090e7a1f25d7834e7eff7cb5486.jpg,pituitary_tumor
m-32-_jpg.rf.baa27ae6216bf28c30c2dfef5fc0a1f7.jpg,pituitary_tumor
m-3-_jpg.rf.b48aefc52c13369154b3fcae3e044c6a.jpg,pituitary_tumor
m-44-_jpg.rf.bb65a037a83ee596bc415d14caeb8304.jpg,pituitary_tumor
m-40-_jpg.rf.baaedb33bcf17ba906b60b0c205a9ce8.jpg,pituitary_tumor
m-4-_jpg.rf.b9b685eb895cee1f6c16f6dd19c5f4a9.jpg,pituitary_tumor
m-28-_jpg.rf.b985c7c1f25f25291648016377fed48a.jpg,pituitary_tumor
m-31-_jpg.rf.beaf8656ab87b090e626ae126c563415.jpg,pituitary_tumor
m-27-_jpg.rf.ca02706a919a307124448a425c2c83a1.jpg,pituitary_tumor
m-54-_jpg.rf.c384b7140693814d23cd3cf3a79b3c37.jpg,pituitary_tumor
m-38-_jpg.rf.d05db53a9ff8a61a9726523e3b63e75c.jpg,pituitary_tumor
m-30-_jpg.rf.cf16b6079ffb0df79465b64c49fc23a1.jpg,pituitary_tumor
m-50-_jpg.rf.d01d3dc9351c88f6a29c8e38e2fc2b07.jpg,pituitary_tumor
m-34-_jpg.rf.d645a0e64a51909d724b49a15edfcc07.jpg,pituitary_tumor
m-25-_jpg.rf.d265dcf180ae6d7fd5ad154ce01f8d60.jpg,pituitary_tumor
m-195-_jpg.rf.d50c6162a15b305c86132da555414215.jpg,pituitary_tumor
m-181-_jpg.rf.d9968bbc13c950023c7369ca74ef6b24.jpg,pituitary_tumor
m-19-_jpg.rf.d6b8aa2b09afe0ff0c794c56acf3b13c.jpg,pituitary_tumor
m-32-_jpg.rf.db4ea4a49bbed7b050331d7ac9f96c33.jpg,pituitary_tumor
m-122-_jpg.rf.dec89963e86a557f8f4364759d43cec8.jpg,pituitary_tumor
m-48-_jpg.rf.dc8493b1b5bf16d75d08447b5e8cf42b.jpg,pituitary_tumor
m-179-_jpg.rf.daf9d88a5dd1fd2fc4b157faa066b360.jpg,pituitary_tumor
m-34-_jpg.rf.e4575dd86ba4d48cc9e73023616441d3.jpg,pituitary_tumor
m-17-_jpg.rf.e8eeb2e7b45009f2b7c0a177895d95f9.jpg,pituitary_tumor
m-185-_jpg.rf.ecc0ed38d41e7d2a55a89b1cb77005fe.jpg,pituitary_tumor
m-180-_jpg.rf.ea3de897bc892e9ffa25c95891e80d5d.jpg,pituitary_tumor
m-42-_jpg.rf.f41258736a25d23c8bcbc0064acbe4eb.jpg,pituitary_tumor
m-3-_jpg.rf.f485563e77476ab2bcc690802f9035a5.jpg,pituitary_tumor
m-54-_jpg.rf.f8b297960140f4029b5a98c696b9c8f7.jpg,pituitary_tumor
m-33-_jpg.rf.f5e8ed3aef49c3395952b9f8adbc2cff.jpg,pituitary_tumor
m-21-_jpg.rf.ff1d0856aa68e81c59b7689b36b4908d.jpg,pituitary_tumor
m-186-_jpg.rf.058935544f93608a2ded8594e71c2c2b.jpg,pituitary_tumor
m-43-_jpg.rf.023b41e4c5709b197643b46fb99c7066.jpg,pituitary_tumor
m-190-_jpg.rf.0f0628835c62fb2d3e4bc51eed6b9fb1.jpg,pituitary_tumor
m-170-_jpg.rf.047f6badbcc362f4baf5575c49c67dee.jpg,pituitary_tumor
m-27-_jpg.rf.0f87d761ddbba278cdbe1aa766186d75.jpg,pituitary_tumor
m-180-_jpg.rf.10bc6bb919b7da2235353cd7d0649451.jpg,pituitary_tumor
m-189-_jpg.rf.14708fcb603486fc95a83dfe74dffc9f.jpg,pituitary_tumor
m-43-_jpg.rf.109c86164634694f97edb5fb12856fa2.jpg,pituitary_tumor
m-181-_jpg.rf.0b340bf4a74d07dbc88e380430075419.jpg,pituitary_tumor
m-22-_jpg.rf.1744900ece94ecb866c3e84e5d3e5095.jpg,pituitary_tumor
m-195-_jpg.rf.167865d7ca46d6f633e2ded45a2f539f.jpg,pituitary_tumor
m-24-_jpg.rf.12b8aef4ce7bd6b8092cd692fbc88442.jpg,pituitary_tumor
m-39-_jpg.rf.1824a7ffc523a2892de56eaca7f55cde.jpg,pituitary_tumor
m-45-_jpg.rf.2185c4052d07b6ffe470454ff9dfb879.jpg,pituitary_tumor
m-28-_jpg.rf.24f387947cc767582a551f68f341e876.jpg,pituitary_tumor
m-169-_jpg.rf.29fc7fd97e66f034634953b8eadb69ed.jpg,pituitary_tumor
m-4-_jpg.rf.2e864c9ca2b238b36fb809732585c1e6.jpg,pituitary_tumor
m-44-_jpg.rf.2f20629b146afe961766f21ea91a982a.jpg,pituitary_tumor
m-185-_jpg.rf.2a9916eaec3e718e015c615e1e6e0116.jpg,pituitary_tumor
m-53-_jpg.rf.32912f9ef4900dd54437492852c06a0c.jpg,pituitary_tumor
m-23-_jpg.rf.33d689bf5a42c13cc19bd853ea434173.jpg,pituitary_tumor
m-37-_jpg.rf.11ab3f38a07483993f1b8ae71938799b.jpg,pituitary_tumor
m-201-_jpg.rf.432d0cf4c11fa8c55047f20ba4839576.jpg,pituitary_tumor
m-190-_jpg.rf.3d0c9df469ad527b485dfaf939fe6c14.jpg,pituitary_tumor
m-38-_jpg.rf.3aaa865ce2156e4a5640329ab2fea26b.jpg,pituitary_tumor
m-30-_jpg.rf.429ba81d0961aae8597251933d8f55b1.jpg,pituitary_tumor
m-200-_jpg.rf.484982df496eb010263fd3467f25adc0.jpg,pituitary_tumor
m-200-_jpg.rf.474d57b1b8ded105b16d035a0243f1fb.jpg,pituitary_tumor
m-169-_jpg.rf.517fd8809dbb50d416d88629a7760e30.jpg,pituitary_tumor
m-37-_jpg.rf.51ab8a1ea23eaa3d667ba91ae9a3e86e.jpg,pituitary_tumor
m-191-_jpg.rf.51acab71c1f094e11f210377bad91025.jpg,pituitary_tumor
m-21-_jpg.rf.5114a602c528b62a1d9f324c9b32d435.jpg,pituitary_tumor
m-51-_jpg.rf.538adec69d4ce81aad4fbee655b793a7.jpg,pituitary_tumor
m-189-_jpg.rf.4bfc5f6b4c1bb3c9527010cc1937c583.jpg,pituitary_tumor
m-197-_jpg.rf.58d187234813aa4cd286a130c2c633c7.jpg,pituitary_tumor
m-133-_jpg.rf.582e1a2ca6e516565d59ef5149529914.jpg,pituitary_tumor
m-45-_jpg.rf.54ebef55c309f93ec6776a8eef2157d8.jpg,pituitary_tumor
m-26-_jpg.rf.57af0efd6e68e2991b17d7ddd223d880.jpg,pituitary_tumor
m-24-_jpg.rf.5fa541cee15aea37d5b1836a0113b9a9.jpg,pituitary_tumor
m-29-_jpg.rf.6056f3235251f5fcdba5f8460ffd1ef2.jpg,pituitary_tumor
m-19-_jpg.rf.5aa6f0d26b390e1b9c01cc8a4c24a56d.jpg,pituitary_tumor
m-23-_jpg.rf.584007e6b59784e213c8d9102747e645.jpg,pituitary_tumor
m-42-_jpg.rf.79544a42c9ac471ca695c3e217275573.jpg,pituitary_tumor
m-133-_jpg.rf.7ba5a411507fd8608a801cdca7fecff0.jpg,pituitary_tumor
m-178-_jpg.rf.7b5c70c201037e56ccabd0b68d05e603.jpg,pituitary_tumor
m-170-_jpg.rf.7971126b40ad766f0e5e8acb19e128d7.jpg,pituitary_tumor
m-52-_jpg.rf.8736554863639b7d89345039575df264.jpg,pituitary_tumor
m-18-_jpg.rf.8583e6d137650fa1fede6184d18052dd.jpg,pituitary_tumor
m-29-_jpg.rf.7d974aa2699c38b6b796ac4c38033cac.jpg,pituitary_tumor
m-25-_jpg.rf.895f526cf939fc6c29b094e9ea2b84a8.jpg,pituitary_tumor
m-33-_jpg.rf.85519a62780c6592fdbc55fb56ce914d.jpg,pituitary_tumor
m-26-_jpg.rf.8f18f94d36f42aac9a87ebf4809852a5.jpg,pituitary_tumor
m-22-_jpg.rf.8a6cbcecc0099e9059d1889b5b31822c.jpg,pituitary_tumor
m-201-_jpg.rf.8f8e5375bf98c5c1c594c503dd820235.jpg,pituitary_tumor
m-182-_jpg.rf.927b76eac59fa389fe86a6bf834b8436.jpg,pituitary_tumor
m-176-_jpg.rf.92380a2c22f9442a4ff4f93dbf641f00.jpg,pituitary_tumor
m-182-_jpg.rf.91d5a2c766e5d66f2c8dd6ce981e974c.jpg,pituitary_tumor
m-31-_jpg.rf.9446ece7319447c12510c1d3c1ca961b.jpg,pituitary_tumor
m-166-_jpg.rf.8f39813bfb158e797b80a47f03eb7517.jpg,pituitary_tumor
m-50-_jpg.rf.98bb0020f912960c95b56c8066500af3.jpg,pituitary_tumor
m-2-_jpg.rf.94554c165522aa0af8a0eb0bcb388faf.jpg,pituitary_tumor
m-20-_jpg.rf.99eb605e136cc39386b83eb896f83858.jpg,pituitary_tumor
m-122-_jpg.rf.95a8953d42bf38bb3b00653b4beab8e6.jpg,pituitary_tumor
m-179-_jpg.rf.a4f79d92f534d404e2db8ad4fce046db.jpg,pituitary_tumor
m-20-_jpg.rf.a89d93a559a8594161a3e3b0aaad8b30.jpg,pituitary_tumor
m-48-_jpg.rf.aa5893cce9a75a6c6708fe6ad0e600a3.jpg,pituitary_tumor
m-39-_jpg.rf.a606185c49cfe843e9259f91b654bddb.jpg,pituitary_tumor
m-17-_jpg.rf.a987c3a184776fd76f0f8986a2a34696.jpg,pituitary_tumor
m-53-_jpg.rf.a1127892ffc7bb894dec9448300884de.jpg,pituitary_tumor
